price,title
38220,[휠라](신세계마산점)취향저격 봄 운동화 16종택 1(1RM01263_16SKU)
84000,(머지포인트) 10만원권 (GS25/이디야/토다이 등)
11900,[뱅뱅]봄단독특가 맨투맨5천원/팬츠9천원/아우터1만원대
12900,센스물티슈 악어 캡형 100매 10팩+10팩 (총20팩)
10900,(현대Hmall)병천 찰순대1kg(1+1+1)총3kg 택1
22900,[스타벅스]컵커피 카페라떼  200mlX10컵X우드트레이+전용포장
10900,[칠성사이다]칠성사이다 190mlx30캔 (2박스 이상 주문시 박스포장)
49800,[다샵]국내배송 일회용마스크(50매)/3중필터 위생 마스크
11500,[팬틴]팬틴 극손상케어 트리트먼트 220ml 3개 + 증정
12900,쏭스타일 신상추가.맨투맨.롱티.루즈핏
29900,KF94/소형 일회용 마스크 황사 방역 미세먼지  랜덤10P
29900,[55~88]봄자켓/트위드/트렌치/블라우스/팬츠
11900,3D입체 면100%마스크 블랙 3개 1세트 검정 패션마스크
10150,[마미요]마미요 오리지널 물티슈 캡형 100매x10팩
14900,[에스티코]by STCO 셔츠팬츠 34종
10500,국내산 숭어회 보리숭어회 300g(2~3인분) 양념3종 증정
12900,한예지 캐릭터 천연펄프 미용티슈 200매 12입 /각티슈
14900,[슈프림]봄신상 맨투맨 티셔츠 후드티 남자여자 빅사이즈 커플
29900,[르까프]르까프 남여공용 트레이닝복 상하의 세트 5종 택1
13500,[프로월드컵]봄신상 남성 여성 추가쿠폰22% 아우터 바람막이
25900,[깨끗한나라]더그린 3겹 화장지 25m 30롤 x 2+1팩 (특가)
24900,국내생산/소형 어린이 3단 접이식 일회용 마스크 /10매
18900,[삼양라면]신임꺽정 납작떡갈비 1000g+1000g
62690,꿈꾸는달팽이 미니 깜찍 팝업북 123세트
30900,교체형 마스크 필터 100장 kf94 n95 kf80 일회용 호환
48900,[마인드브릿지]마인드브릿지 봄특가 인기 신상/이월 80종
14900,시크루즈/봄신상/원피스/롱원피스/빅사이즈
29900,교체용 마스크 필터 50매 한박스 일회용 정전기
30500,KN95 마스크 10매 (N95 KF94해당)성인용 방역 방진
46900,3중구조 일회용 마스크 50매 한박스 화이트
198000,[서포트라이트] FEATHER COLLECTION 안경 3종세트
14900,[엔비]3D 입체 마스크 10장 정전기 필터 10매 면마스크
15900,[원더브라]15%+12%중복 원더브라外 노와이어/브라팬티 2종SET
37110,KF94 마스크 코로나19 마스크 살균 소독기 UV-C 자외선
33900,[크리넥스]데코 앤 소프트 화장지 27M30롤X2팩/휴지
23500,[아침농산]국산 농부의아침 쌀10kg  백미 2019년산 햅쌀
43900,황금미가 쌀 20kg 19년산 (당일도정)
39900,[JW중외]리얼메디 크릴오일 남극 크릴 새우 인지질58% 3박스
28950,[에쓰오일](S-OIL) 모바일주유권 3만원/ 실시간발송/ 주유상품권
23400,남성 슬림 슬랙스 3종택1(101199011011990210119906)
25500,베이직북스 뇌자극 프로젝트 MIQ+스도쿠 선택구매
17100,[행텐주니어][행텐주니어] 지금 제일 필요한 인기 아동복 50종 최대84% OFF
13900,디올 오리진스 랑콤 외 다수 할인상품(유통기한임박)
16900,[메디안]메디안 치약 15개+추가증정 (옵션)
20900,티메이 마스크 정전기 필터  일회용마스크 50매한박스
20000,[지오다노]지오다노 본사직영 선판매 티셔츠/맨투맨/셔츠/데님
17900,강블리라이프 블링 휴 30M 3겹 30롤 X 2팩/화장지/휴지
17900,[신세계푸드] 올반 슈퍼크런치 치킨텐더 440g3봉
17550,[김나운더키친] 반기수라 양희경 손질갈치 21토막/ 7팩
26900,Shop+ 귤로올레 2020 햇 한라봉 2.5kgX2박스(박스당 8-12과)
12900,아이러브베베물티슈핑크100매캡형X20팩
84550,[포토스마트]HP6520 가정용 포토복합기 WIFI프린터 인쇄 스캔 복사
49650,(행사상품)세종대왕_추청쌀_20KG 포 
39900,KF94 황사망역 마스크 성인용 10매
11450,[도리도리]도리도리 아기물티슈 100매캡 10팩+10팩 대용량 특가
18900,[오뚜기밥]맛있는 오뚜기밥 210g 3입 x 8개(총24개)
23800,[미스터버블]오리지널 버블바스1060ml +1060ml+버블밤
69900,코펜하겐럭스 오가닉 코튼 티셔츠8종(여)
30900,[크리넥스]순수3겹 화장지 27M 30롤x2팩/휴지
18200,[3M]표준형 올터치 막대걸레+정전기 40매+물걸레1매 +증정
21900,[BYO]CJ BYO 20억 생유산균 30포 x 3개 (2+1) (총90포)
27900,[SOUP]15%+20%쿠폰 SOUP 봄신상 원피스/블라우스/트위드자켓
28950,[에쓰오일](S-OIL) 모바일주유권 3만원권
19900,[올리비아데코]부드러운 60수 아사 순면 이불베개세트 모음전
25500,[토마톰스]노트북테이블 겸용 다용도 베드트레이
19900,[스위스밀리터리]22%쿠폰 아동/주니어 봄 상하복 트레이닝복 바지 의류
11900,[제주삼다수]제주삼다수 2L 12병/생수전문배송
22800,[홍대미미네]고래사x미미네 국물 면볶이 4팩세트
18900,한미프로바이오틱스19 플러스 김치 유산균 30포 5박스
52000,프란치스카 비어만 그림책 전5권(책 먹는 여우 전2권+잭키 마론 전3권)
34900,[유한킴벌리]크리넥스 3겹 순수소프트 37MX24롤 X2팩
33070,[GAP] 갭 성인 20년 SPRING 아치 로고 맨투맨 후드티 8종 택1
23000,[센카]센카 퍼펙트휩 120g x5개 세트(직구) 폼클렌징
68900,코펜하겐럭스 스프링 오가닉 코튼 티셔츠 8종 여성
29000,[레노마골프]봄맞이 골프웨어 균일특가전 전상품 29000원
19000,[스코노]스코노  봄맞이 인기 스니커즈 50종 균일가전
25900,[삼진어묵]삼진어묵  어묵탕모듬 1.2kg x 2개
18500,부안 이철희님의 소문난 뽕편육 300g x 4
24900,페루산 애플망고 4kg 내외 (8~9과)
30600,[투썸플레이스](투썸플레이스) 스트로베리 초콜릿 생크림 1호
73000,KF94 마스크 20개입 대형
68900,코펜하겐럭스 스프링 오가닉 코튼 티셔츠 6종 남성
10900,[부광약품]부광약품 파로덴트 틀니세정제 48정 x 2개 + 치약90g
16900,[얌테이블] 선도좋은 100% 국내산 오징어 1+1kg
42900,[맥심]맥심 모카골드 커피믹스 400T :쿠폰가 36900원~
17900,[올리비아로렌]봄 인기 니트티셔츠 최대 2만원+25%쿠폰
20900,또바기 패드 알뜰형 400매 강아지패드 애견패드
20700,(CJ 공식샵) 고메 사이드바이트 치즈볼 270gx3개
15800,귀걸이 목걸이 쥬얼리 보관함 액세서리 케이스 3색상
35550,소형10P 에어워셔 베이직 핑크퐁 KF80 KF94 대형
42720,[아디다스](신세계마산점)[MENS RUNNING] 러닝화 9종 (EE4169 EH3373 EG1444 EH3369 EE9843 EH1366 EH1362 EG3674 ...
15000,토니모리 봄맞이 베스트 1+1외 찐특가+스타벅스증정
38610,일회용마스크 50매 성인용 3D입체 중형 3종필터
109480,[종근당]종근당 락토핏 생유산균 코어(12개월분)
31920,[스팸]스팸 마일드 340g 10개
22900,[스타벅스]컵커피 스키니라떼 200mlX10컵 X우드트레이+전용포장
28620,[즙쟁이]석류즙 100% 100포 실속형
67900,100매세트 3중필터 일회용 마스크 멜트블로운 마스크
21680,[한울식품]HACCP 자연식품 나주 도라지배즙 100팩(100ml) 환절기
15900,[웅진]빅토리아 탄산수 탄산음료 500mlx40 350mlx48캔 택2
45000,성인용 일회용마스크 마스크 50매 빠른배송 3중필터
10900,최상급 통통생굴 1Kg / 면역력 UP 바다의 우유 통영 굴
41070,[크리넥스]데코앤소프트 프리미엄 화장지 35M24롤x2팩/휴지
25350,[베네통키즈]갤러리아  멀티스트라이프원피스(QAOPX1011)
31500,부릉부릉 자동차그림책 시리즈(보드북) 전10권/ 그린키즈
147000,방송에서만 그래누 18K골드 스페셜 귀걸이 세트 (총8종)
17900,[3M]표준형 베이직 정전기 청소포 400매
47200,[노스페이스키즈]노스페이스 키즈 트레이닝SET/의류/인기 용품 모음전
29330,특가 100매 마스크 필터  정전기필터 마스크 교체필터B
14900,[머거본]쇠고기육포25g x 4봉 (4입번들) x 2개/무배출발
35900,소형10P 뽀로로 황사마스크KF80 KF94 대형
39500,[순수식품]남극 크릴오일1000 3박스(총 90캡슐) 인지질58%
54900,팸퍼스 베이비드라이 팬티 4팩 기저귀+뽀로로달력(슈)
26900,[신라면]신라면 멀티 40개입 라면/봉지라면
51180,[씨스팡]관절팔팔 1개월(60캡슐 2병) 무료배송
25970,[뽀삐](F) 순수 3겹 소프트 27M-30롤x2(예약상품 2020.03.10 부터 발송)/ 크리넥스
26900,[순수식품]순수도라지배즙 100포 실속형 도라지배즙 배도라지즙
25900,최저특가 KN95 10매세트 4중필터 마스크 성인용 마스크
52900,오플 상하목장 유기농 우유 200ml 24팩 3박스 총72팩_무배
41400,[닥스](신세계센텀점)2020년 S/S 닥스 가성비 좋은 드레스/캐주얼셔츠 기획전(일반핏/슬림핏) 26종 1택 
12900,[맥널티]NEW 아이브루 70T+70T+리유저블컵 증정
26660,일회용마스크 10매 성인용 보호마스크무료배송weibikan
29900,[아웃팅]정전기필터 마스크 필터 50매 한박스 일회용마스크
75060,[헤지스]헤지스남성 봄맞이 캐주얼 스테디의류 BEST 3만원대~
15900,아이러브베베물티슈 아이보리72매캡형X20팩
26460,[고려은단]고려은단  비타민C 1000 300정 / 무료배송
23430,한예지 볼륨앤소프트 천연펄프 3겹  화장지 30롤 3팩
22000,[맛있는家]춘천 맛집 통나무집닭갈비 2인분/3인분 매장동일상품
17800,[베스처]루테인+오메가3+종합비타민 눈영양제 2병 4개월분
29000,[휠라]드리프터 테이피테잎 FS1SLB1002XNNV
18900,[롯데칠성]깨수깡 160ml 10캔 /숙취음료/숙취해소
57000,[엘로엘]엘로엘 블랑루즈 반전 립스틱 세트
24000,[CJ제일제당]CJ 쉐프솔루션 탕수육 1kgx3개
74300,[단하루 ] 종근당건강 락토핏 생유산균 골드 12개월분
16500,[웅진]빅토리아  플레인 500ml x 40개입
16900,[팔도]뽀로로 보리차 220ml 펫 24병 박스포장 무료배송
13900,[비락식혜]비락식혜 238ml 12캔 x 2박스 (24캔)
14580,[3M]스카치 다용도 테이프 550 리필(12mm x 30m) 11+1롤 증
13900,[베이비베이비]베이비베이비 아기물티슈 트윙클120매 20팩 캡형
11500,[유한킴벌리]좋은느낌 순수 팬티라이너롱 81개 X2팩
23430,[헬로키티]4겹 핑크리본 30롤 2팩 + 팝업골드110매 3개 화장지 R
13900,브리치x허니제이 봄신상 셔츠/맨투맨/팬츠
11900,[스마트에코]스마트에코 물티슈 비바체 100매 20팩 리필형
11600,[아워홈손수]지리산수 블루 2L 24병/생수전문배송
10900,[매일유업]매일우유 딸기 멸균 200ml 24팩
14200,[3M]크린스틱 변기청소 핸들+리필 향기톡톡 20+1입 라벤더
28900,50매 정전기 일회용 마스크 필터 패션 면 순면 블랙
17000,[코스트코]티오 페퍼스 시나몬 츄러스 25개/아이스포장/추로스
35900,[유한킴벌리]크리넥스 3겹 데코소프트 33MX24롤 X2팩
40900,[맥심]맥심 화이트골드 커피믹스 400T :쿠폰가 34900원~
109000,[종근당 건강]종근당 락토핏 코어 프롤린 유산균 6통 12개월 (총360
28950,[구글플레이](카드가능) 기프트코드 3만원 / 구글 기프트카드
32480,[치노시오야]치노시오야 내추럴포어 클렌징 오일
23800,[제주삼다수]제주삼다수 2L 24병/생수전문배송
15900,[다우니]초고농축 다우니 섬유유연제 엑스퍼트 실내건조 1L 3개
23900,[퍼실]퍼실 프로페셔널 대용량 액체세탁세제9L 드럼일반겸용
37900,[종근당]락토핏 생유산균 3개 +30포 증정
22900,[매일유업]매일두유 99.89 190ml 48팩
26240,[루솔]루솔 프리미엄 이유식 진밥 골고루 10+1팩 무료배송
61360,[정관장]홍삼정 에브리타임 밸런스 10mlx30포 정관장 홍삼
20900,[그린핑거]힘센보습 울트라크림300g+300g +크레용12색H3
